{"cameraMode":{"drawMode":0,"name":"Shaded","section":"Shading Mode"},"sceneLighting":true,"audioPlay":false,"sceneViewState":{"showFog":true,"showMaterialUpdate":false,"showSkybox":true,"showFlares":true,"showImageEffects":true,"showParticleSystems":true},"in2DMode":false,"pivot":{"x":4.167661666870117,"y":0.34418821334838869,"z":9.562679290771485},"rotation":{"x":0.21359556913375855,"y":0.08049160242080689,"z":-0.017661703750491144,"w":0.9734407663345337},"size":12.419989585876465,"orthographic":false}